Outcome,Exposure,ModelStructure2,ExposureCoefficient,StdErrorCoefExp,ResidModelVariance,RandomEffectLabel,RandEffectVar,IQRExposure,Coef_IQR

FeNO_avg,endo_m3,FeNO_avg ~ endo_m3 + age + gender + race_afam + season,-0.779159923239321,1.44662788165849,433.933541964696, , ,2.43571770862917,-0.319889255014628

log_FeNO_avg,endo_m3,log_FeNO_avg ~ endo_m3 + age + gender + race_afam + season,-0.0101178915208294,0.0480288933839652,0.478315791752071, , ,2.43571770862917,-0.00415396722082537

cbc_wbc,endo_m3,cbc_wbc ~ endo_m3 + age + gender + race_afam + season,0.121647855612388,0.105189038106244,2.3247688896752, , ,2.43571770862917,0.0499433309457081

log_cbc_wbc,endo_m3,log_cbc_wbc ~ endo_m3 + age + gender + race_afam + season,0.0183363838462654,0.0157032528307325,0.0518105334575161, , ,2.43571770862917,0.00752812355114221

cbc_abs_eos,endo_m3,cbc_abs_eos ~ endo_m3 + age + gender + race_afam + season,-0.011989979052019,0.0114806480329779,0.0276931031487372, , ,2.43571770862917,-0.00492256512712509

cbc_abs_neut,endo_m3,cbc_abs_neut ~ endo_m3 + age + gender + race_afam + season,0.150574639579724,0.0746108179270304,1.16961362745678, , ,2.43571770862917,0.0618194132457445

log_cbc_abs_neut,endo_m3,log_cbc_abs_neut ~ endo_m3 + age + gender + race_afam + season,0.0524529402033961,0.0222396668127616,0.103919098535381, , ,2.43571770862917,0.0215349011987588

cbc_percent_eos,endo_m3,cbc_percent_eos ~ endo_m3 + age + gender + race_afam + season,-0.287295025742128,0.182989479457386,7.03543672022092, , ,2.43571770862917,-0.117950871204947

cbc_percent_neut,endo_m3,cbc_percent_neut ~ endo_m3 + age + gender + race_afam + season,1.52032723957378,0.599687400119373,75.5594287491706, , ,2.43571770862917,0.624180394217123

log_cbc_percent_neut,endo_m3,log_cbc_percent_neut ~ endo_m3 + age + gender + race_afam + season,0.0341165563571309,0.0125460247139655,0.0330712869160301, , ,2.43571770862917,0.0140067776476166

CASI_Total_wFxn,endo_m3,CASI_Total_wFxn ~ endo_m3 + age + gender + race_afam + season,-0.0206976118140104,0.201659733354817,8.16296590818205, , ,2.43571770862917,-0.00849754129580931

CACT_ACT_cont,endo_m3,CACT_ACT_cont ~ endo_m3 + age + gender + race_afam + season,0.238477878993505,0.34974674451771,23.4171315127174, , ,2.43571770862917,0.0979086690336218

FEV1_pp_GLI,endo_m3,FEV1_pp_GLI ~ endo_m3 + season,0.68210874467018,1.15185882970826,281.830284622096, , ,2.43571770862917,0.280044252358815

FEV1_Zscore_GLI,endo_m3,FEV1_Zscore_GLI ~ endo_m3 + season,0.0547666877998505,0.0947066277041467,1.90524088637102, , ,2.43571770862917,0.022484825563252

FVC_pp_GLI,endo_m3,FVC_pp_GLI ~ endo_m3 + season,0.916372172232412,0.834735452993551,148.00857122712, , ,2.43571770862917,0.376222650509098

FVC_Zscore_GLI,endo_m3,FVC_Zscore_GLI ~ endo_m3 + season,0.0806961237431724,0.0686292187904434,1.00047734377542, , ,2.43571770862917,0.0331303268261693

FEV1_FVC,endo_m3,FEV1_FVC ~ endo_m3 + season,-0.00187514530416656,0.00667414033872844,0.00946193186770968, , ,2.43571770862917,-0.000769853295200574

FEV1_FVC_pp_GLI,endo_m3,FEV1_FVC_pp_GLI ~ endo_m3 + season,-0.0275143770881648,0.759217551724718,122.43952241202, , ,2.43571770862917,-0.0112962093228981

FEV1_FVC_Zscore_GLI,endo_m3,FEV1_FVC_Zscore_GLI ~ endo_m3 + season,-0.00304286479151954,0.0866535999735721,1.59500617052049, , ,2.43571770862917,-0.00124926824678385

FEF2575_pp_GLI,endo_m3,FEF2575_pp_GLI ~ endo_m3 + season,0.978018761898304,2.09156602004696,929.249428849518, , ,2.43571770862917,0.401532065244432

FEF2575_Zscore_GLI,endo_m3,FEF2575_Zscore_GLI ~ endo_m3 + season,0.033278890589871,0.10126543214585,2.1782693889745, , ,2.43571770862917,0.0136628684317447

FeNO_avg,gluc_m3,FeNO_avg ~ gluc_m3 + age + gender + race_afam + season,0.00935975810978996,0.0330153126106472,436.958975190022, , ,144.496331787202,6.4775056875312e-05

log_FeNO_avg,gluc_m3,log_FeNO_avg ~ gluc_m3 + age + gender + race_afam + season,0.00123109373908306,0.00106977677867008,0.458771224381951, , ,144.496331787202,8.519896137544e-06

cbc_wbc,gluc_m3,cbc_wbc ~ gluc_m3 + age + gender + race_afam + season,-0.00325357710677856,0.00257209337104397,2.30544353612654, , ,144.496331787202,-2.25166761435167e-05

log_cbc_wbc,gluc_m3,log_cbc_wbc ~ gluc_m3 + age + gender + race_afam + season,-0.0005581289667117,0.000380851998590741,0.0505467815223909, , ,144.496331787202,-3.86258225249378e-06

cbc_abs_eos,gluc_m3,cbc_abs_eos ~ gluc_m3 + age + gender + race_afam + season,-0.000461332961312755,0.000274340286268878,0.0262276998453011, , ,144.496331787202,-3.19269669760305e-06

cbc_abs_neut,gluc_m3,cbc_abs_neut ~ gluc_m3 + age + gender + race_afam + season,0.000372779711828375,0.0019512385469603,1.32678869914323, , ,144.496331787202,2.57985588435119e-06

log_cbc_abs_neut,gluc_m3,log_cbc_abs_neut ~ gluc_m3 + age + gender + race_afam + season,2.09603935469918e-05,0.000594544975380761,0.123182909101707, , ,144.496331787202,1.45058309008563e-07

cbc_percent_eos,gluc_m3,cbc_percent_eos ~ gluc_m3 + age + gender + race_afam + season,-0.00491778579916218,0.0045870926682411,7.33256729709798, , ,144.496331787202,-3.40339836889738e-05

cbc_percent_neut,gluc_m3,cbc_percent_neut ~ gluc_m3 + age + gender + race_afam + season,0.0269773099914991,0.0154601952491855,83.293474517911, , ,144.496331787202,0.000186698926248372

log_cbc_percent_neut,gluc_m3,log_cbc_percent_neut ~ gluc_m3 + age + gender + race_afam + season,0.000579089360258688,0.000327283773344916,0.037327592226088, , ,144.496331787202,4.00764056150232e-06

CASI_Total_wFxn,gluc_m3,CASI_Total_wFxn ~ gluc_m3 + age + gender + race_afam + season,0.000458034330202686,0.00468426058044365,8.16323969347476, , ,144.496331787202,3.169868221134e-06

CACT_ACT_cont,gluc_m3,CACT_ACT_cont ~ gluc_m3 + age + gender + race_afam + season,0.00196978974067673,0.00832267107791025,23.7846327463638, , ,144.496331787202,1.36321089699192e-05

FEV1_pp_GLI,gluc_m3,FEV1_pp_GLI ~ gluc_m3 + season,0.055800687963814,0.0246829909259918,245.68094172235, , ,144.496331787202,0.000386173733780253

FEV1_Zscore_GLI,gluc_m3,FEV1_Zscore_GLI ~ gluc_m3 + season,0.0047408559657639,0.00201784662072008,1.64192080043367, , ,144.496331787202,3.28095246926109e-05

FVC_pp_GLI,gluc_m3,FVC_pp_GLI ~ gluc_m3 + season,0.0435850901153987,0.0179303295844901,129.64400716359, , ,144.496331787202,0.000301634578375221

FVC_Zscore_GLI,gluc_m3,FVC_Zscore_GLI ~ gluc_m3 + season,0.00372872709124156,0.00146756204316652,0.868498039443368, , ,144.496331787202,2.58049948059084e-05

FEV1_FVC,gluc_m3,FEV1_FVC ~ gluc_m3 + season,0.000125292129449521,0.00015176104646814,0.0092874508008672, , ,144.496331787202,8.67095571907231e-07

FEV1_FVC_pp_GLI,gluc_m3,FEV1_FVC_pp_GLI ~ gluc_m3 + season,0.0150992128459027,0.0172197161338962,119.571554875604, , ,144.496331787202,0.000104495475138698

FEV1_FVC_Zscore_GLI,gluc_m3,FEV1_FVC_Zscore_GLI ~ gluc_m3 + season,0.00203118614010194,0.00195616662029868,1.54307696730793, , ,144.496331787202,1.40570083335627e-05

FEF2575_pp_GLI,gluc_m3,FEF2575_pp_GLI ~ gluc_m3 + season,0.0785150578326324,0.0461247609627776,857.914796089998, , ,144.496331787202,0.000543370595374425

FEF2575_Zscore_GLI,gluc_m3,FEF2575_Zscore_GLI ~ gluc_m3 + season,0.00377860653433294,0.00223020453213139,2.00569683455683, , ,144.496331787202,2.61501900262607e-05

FeNO_avg,vest_O3,FeNO_avg ~ vest_O3 + age + gender + race_afam,2.25669340608275,1.12927927991829,470.975073957911, , ,4.80028106288265,0.470116932013054

log_FeNO_avg,vest_O3,log_FeNO_avg ~ vest_O3 + age + gender + race_afam,0.0505945879195109,0.0383342441590103,0.542711485542765, , ,4.80028106288265,0.0105399219872196

cbc_wbc,vest_O3,cbc_wbc ~ vest_O3 + age + gender + race_afam,0.052776586350106,0.144052370139045,2.77179488482752, , ,4.80028106288265,0.01099447837715

log_cbc_wbc,vest_O3,log_cbc_wbc ~ vest_O3 + age + gender + race_afam,0.00678019582430871,0.0202056971993829,0.0545340752734687, , ,4.80028106288265,0.00141245809057628

cbc_abs_eos,vest_O3,cbc_abs_eos ~ vest_O3 + age + gender + race_afam,-0.0122786370251466,0.0149431560802383,0.0298266815732559, , ,4.80028106288265,-0.00255789960302305

cbc_abs_neut,vest_O3,cbc_abs_neut ~ vest_O3 + age + gender + race_afam,0.121144179405216,0.0902435200704531,1.0878081965738, , ,4.80028106288265,0.025236892969027

log_cbc_abs_neut,vest_O3,log_cbc_abs_neut ~ vest_O3 + age + gender + race_afam,0.044206317409816,0.0265743703141611,0.0943292187745767, , ,4.80028106288265,0.00920911022307293

cbc_percent_eos,vest_O3,cbc_percent_eos ~ vest_O3 + age + gender + race_afam,-0.177401562655382,0.214058725484051,6.12048929998939, , ,4.80028106288265,-0.0369564949075815

cbc_percent_neut,vest_O3,cbc_percent_neut ~ vest_O3 + age + gender + race_afam,1.61467070175322,0.588882972069654,46.3210361640408, , ,4.80028106288265,0.336370033462911

log_cbc_percent_neut,vest_O3,log_cbc_percent_neut ~ vest_O3 + age + gender + race_afam,0.0374261215855079,0.0132995582134307,0.0236262449318353, , ,4.80028106288265,0.00779665213249677

CASI_Total_wFxn,vest_O3,CASI_Total_wFxn ~ vest_O3 + age + gender + race_afam,-0.0520886369819132,0.159357116152678,8.93829311437185, , ,4.80028106288265,-0.0108511639838508

CACT_ACT_cont,vest_O3,CACT_ACT_cont ~ vest_O3 + age + gender + race_afam,0.188314555695881,0.262462755980972,16.2842789881577, , ,4.80028106288265,0.0392299020055286

FEV1_pp_GLI,vest_O3,FEV1_pp_GLI ~ vest_O3,0.34440570432569,0.767606094737852,212.983151324141, , ,4.80028106288265,0.0717469872730471

FEV1_Zscore_GLI,vest_O3,FEV1_Zscore_GLI ~ vest_O3,0.0256987208767847,0.0635732784093169,1.46089040337058, , ,4.80028106288265,0.0053535867046402

FVC_pp_GLI,vest_O3,FVC_pp_GLI ~ vest_O3,0.0988502146423407,0.55641113125691,111.907717865423, , ,4.80028106288265,0.0205925889229035

FVC_Zscore_GLI,vest_O3,FVC_Zscore_GLI ~ vest_O3,0.0105928919838815,0.0465785890357519,0.784225712253766, , ,4.80028106288265,0.00220672328247385

FEV1_FVC,vest_O3,FEV1_FVC ~ vest_O3,0.00244520093332116,0.00487652897445463,0.00859587394018782, , ,4.80028106288265,0.000509387034069372

FEV1_FVC_pp_GLI,vest_O3,FEV1_FVC_pp_GLI ~ vest_O3,0.33113155633983,0.552975887017772,110.530162319637, , ,4.80028106288265,0.0689817016966461

FEV1_FVC_Zscore_GLI,vest_O3,FEV1_FVC_Zscore_GLI ~ vest_O3,0.00928563327806552,0.0568129545849309,1.16671067369904, , ,4.80028106288265,0.00193439366495956

FEF2575_pp_GLI,vest_O3,FEF2575_pp_GLI ~ vest_O3,0.262609369973464,1.3030185394171,613.719058007793, , ,4.80028106288265,0.0547070820506837

FEF2575_Zscore_GLI,vest_O3,FEF2575_Zscore_GLI ~ vest_O3,0.0156084124724322,0.0654551130912004,1.54865819509536, , ,4.80028106288265,0.00325156220395543

FeNO_avg,CDPHE_O3_mean,FeNO_avg ~ CDPHE_O3_mean + age + gender + race_afam,-1.18609580575781,1.23939133977527,521.101542434071, , ,4,-0.247088824637601

log_FeNO_avg,CDPHE_O3_mean,log_FeNO_avg ~ CDPHE_O3_mean + age + gender + race_afam,-0.0511380251695851,0.0400739639885078,0.544791159366446, , ,4,-0.0106531314520312

cbc_wbc,CDPHE_O3_mean,cbc_wbc ~ CDPHE_O3_mean + age + gender + race_afam,-0.24101871657754,0.122761647189239,2.2248701983066, , ,4,-0.0502092926268789

log_cbc_wbc,CDPHE_O3_mean,log_cbc_wbc ~ CDPHE_O3_mean + age + gender + race_afam,-0.0325667608078219,0.0173625937782218,0.044504965994456, , ,4,-0.00678434457924532

cbc_abs_eos,CDPHE_O3_mean,cbc_abs_eos ~ CDPHE_O3_mean + age + gender + race_afam,-0.00999821746880569,0.014299096856486,0.0301853683897801, , ,4,-0.00208284001245577

cbc_abs_neut,CDPHE_O3_mean,cbc_abs_neut ~ CDPHE_O3_mean + age + gender + race_afam,-0.139273172905526,0.0834295555074756,1.02758823703951, , ,4,-0.0290135454739165

log_cbc_abs_neut,CDPHE_O3_mean,log_cbc_abs_neut ~ CDPHE_O3_mean + age + gender + race_afam,-0.0300940401967486,0.0263902918504396,0.102817644662296, , ,4,-0.006269224614668

cbc_percent_eos,CDPHE_O3_mean,cbc_percent_eos ~ CDPHE_O3_mean + age + gender + race_afam,-0.0135876622510598,0.208191859911685,6.39892109191735, , ,4,-0.00283059722400926

cbc_percent_neut,CDPHE_O3_mean,cbc_percent_neut ~ CDPHE_O3_mean + age + gender + race_afam,-0.00193923769416375,0.686309379242367,69.5375095853212, , ,4,-0.000403984197750122

log_cbc_percent_neut,CDPHE_O3_mean,log_cbc_percent_neut ~ CDPHE_O3_mean + age + gender + race_afam,0.00247272061107322,0.0156242246898755,0.0360392891596316, , ,4,0.000515119964577305

CASI_Total_wFxn,CDPHE_O3_mean,CASI_Total_wFxn ~ CDPHE_O3_mean + age + gender + race_afam,0.0630296499577877,0.164522124835709,8.92514615277282, , ,4,0.0131304082265419

CACT_ACT_cont,CDPHE_O3_mean,CACT_ACT_cont ~ CDPHE_O3_mean + age + gender + race_afam,-0.19925831232614,0.304110720682573,16.343693887396, , ,4,-0.0415097178094156

FEV1_pp_GLI,CDPHE_O3_mean,FEV1_pp_GLI ~ CDPHE_O3_mean,-0.711281245199654,0.696852594531179,207.21613494636, , ,4,-0.14817491640219

FEV1_Zscore_GLI,CDPHE_O3_mean,FEV1_Zscore_GLI ~ CDPHE_O3_mean,-0.0626032085894052,0.0575460952817329,1.41310179178406, , ,4,-0.0130415714766108

FVC_pp_GLI,CDPHE_O3_mean,FVC_pp_GLI ~ CDPHE_O3_mean,-0.7684124415936,0.492793753633249,103.6268065572, , ,4,-0.160076552086755

FVC_Zscore_GLI,CDPHE_O3_mean,FVC_Zscore_GLI ~ CDPHE_O3_mean,-0.0634503995247894,0.0413131285639873,0.728312720320992, , ,4,-0.0132180592539484

FEV1_FVC,CDPHE_O3_mean,FEV1_FVC ~ CDPHE_O3_mean,-0.000800101721426329,0.00450462050886845,0.0086588087174806, , ,4,-0.000166678098833208

FEV1_FVC_pp_GLI,CDPHE_O3_mean,FEV1_FVC_pp_GLI ~ CDPHE_O3_mean,-0.0581476249399218,0.511865982564033,111.803207405336, , ,4,-0.0121133792330492

FEV1_FVC_Zscore_GLI,CDPHE_O3_mean,FEV1_FVC_Zscore_GLI ~ CDPHE_O3_mean,0.0218537379475381,0.0521599411406603,1.16095640386032, , ,4,0.00455259549623424

FEF2575_pp_GLI,CDPHE_O3_mean,FEF2575_pp_GLI ~ CDPHE_O3_mean,-0.354575091365944,1.19832590003189,612.761708296695, , ,4,-0.0738654855249279

FEF2575_Zscore_GLI,CDPHE_O3_mean,FEF2575_Zscore_GLI ~ CDPHE_O3_mean,-0.0379472977384301,0.0599007819028709,1.53111111403175, , ,4,-0.00790522414028026

cbc_wbc,log_vest_pm10,cbc_wbc ~ log_vest_pm10 + age + gender + race_afam + season,-1.41176220610795,0.547967034411797,1.95962041407502, , ,0.692549999999999,-2.03849860097893

log_cbc_wbc,log_vest_pm10,log_cbc_wbc ~ log_vest_pm10 + age + gender + race_afam + season,-0.223543983199234,0.0807712826035449,0.0425771952568457, , ,0.692549999999999,-0.322783890259525

cbc_abs_eos,log_vest_pm10,cbc_abs_eos ~ log_vest_pm10 + age + gender + race_afam + season,-0.135238937976018,0.0609438105296298,0.0242394242990653, , ,0.692549999999999,-0.195276785757011

cbc_abs_neut,log_vest_pm10,cbc_abs_neut ~ log_vest_pm10 + age + gender + race_afam + season,-0.459454842624301,0.440962079394791,1.26901156003394, , ,0.692549999999999,-0.66342479622309

log_cbc_abs_neut,log_vest_pm10,log_cbc_abs_neut ~ log_vest_pm10 + age + gender + race_afam + season,-0.180614355117772,0.132718899340669,0.114955203165029, , ,0.692549999999999,-0.260796123193664

cbc_percent_eos,log_vest_pm10,cbc_percent_eos ~ log_vest_pm10 + age + gender + race_afam + season,-0.960767224382618,1.05011453204175,7.19675018521908, , ,0.692549999999999,-1.38728932839884

cbc_percent_neut,log_vest_pm10,cbc_percent_neut ~ log_vest_pm10 + age + gender + race_afam + season,2.10881111901726,3.70326721274273,89.5020928860947, , ,0.692549999999999,3.04499475708218

log_cbc_percent_neut,log_vest_pm10,log_cbc_percent_neut ~ log_vest_pm10 + age + gender + race_afam + season,0.0429296280814617,0.0784163167494661,0.0401306292434621, , ,0.692549999999999,0.0619877670658605

cbc_wbc,log_msp_pm10,cbc_wbc ~ log_msp_pm10 + age + gender + race_afam + season,-1.01727759347504,0.457988518064618,2.07176819687376, , ,0.91476248842777,-1.11206745613658

log_cbc_wbc,log_msp_pm10,log_cbc_wbc ~ log_msp_pm10 + age + gender + race_afam + season,-0.164608631713379,0.0675383717805362,0.045053979225664, , ,0.91476248842777,-0.179946853741562

cbc_abs_eos,log_msp_pm10,cbc_abs_eos ~ log_msp_pm10 + age + gender + race_afam + season,-0.116525059168121,0.0497925714604925,0.0244884384401686, , ,0.91476248842777,-0.127382856907913

cbc_abs_neut,log_msp_pm10,cbc_abs_neut ~ log_msp_pm10 + age + gender + race_afam + season,-0.208708062708848,0.36839999625442,1.34051357348009, , ,0.91476248842777,-0.228155466964502

log_cbc_abs_neut,log_msp_pm10,log_cbc_abs_neut ~ log_msp_pm10 + age + gender + race_afam + season,-0.109869948614557,0.11109424410769,0.121903197793179, , ,0.91476248842777,-0.120107623568379

cbc_percent_eos,log_msp_pm10,cbc_percent_eos ~ log_msp_pm10 + age + gender + race_afam + season,-1.04117091309768,0.858277525081815,7.27591240644187, , ,0.91476248842777,-1.13818715379024

cbc_percent_neut,log_msp_pm10,cbc_percent_neut ~ log_msp_pm10 + age + gender + race_afam + season,2.97950064833634,2.99883900846482,88.8256275624148, , ,0.91476248842777,3.2571303327679

log_cbc_percent_neut,log_msp_pm10,log_cbc_percent_neut ~ log_msp_pm10 + age + gender + race_afam + season,0.0547386830988194,0.063741595785379,0.0401308025945204, , ,0.91476248842777,0.0598392301731791

cbc_wbc,CDPHE_PM10_mean,cbc_wbc ~ CDPHE_PM10_mean + age + gender + race_afam + season,-0.0376641003515281,0.0443105767012172,2.25576620487601, , ,12,-0.00313867502929401

log_cbc_wbc,CDPHE_PM10_mean,log_cbc_wbc ~ CDPHE_PM10_mean + age + gender + race_afam + season,-0.00696139376715757,0.0065838280730958,0.0498007913519403, , ,12,-0.000580116147263131

cbc_abs_eos,CDPHE_PM10_mean,cbc_abs_eos ~ CDPHE_PM10_mean + age + gender + race_afam + season,0.0092463578283862,0.00534562380160359,0.0328303917605749, , ,12,0.000770529819032183

cbc_abs_neut,CDPHE_PM10_mean,cbc_abs_neut ~ CDPHE_PM10_mean + age + gender + race_afam + season,-0.0431039757038545,0.0336542057927879,1.30124170269029, , ,12,-0.00359199797532121

log_cbc_abs_neut,CDPHE_PM10_mean,log_cbc_abs_neut ~ CDPHE_PM10_mean + age + gender + race_afam + season,-0.0148863475939339,0.0102465805532711,0.120624964437653, , ,12,-0.00124052896616116

cbc_percent_eos,CDPHE_PM10_mean,cbc_percent_eos ~ CDPHE_PM10_mean + age + gender + race_afam + season,0.172564866677208,0.0864080931144601,8.57804111007427, , ,12,0.014380405556434

cbc_percent_neut,CDPHE_PM10_mean,cbc_percent_neut ~ CDPHE_PM10_mean + age + gender + race_afam + season,-0.384325599028282,0.304364062728935,106.430481317564, , ,12,-0.0320271332523568

log_cbc_percent_neut,CDPHE_PM10_mean,log_cbc_percent_neut ~ CDPHE_PM10_mean + age + gender + race_afam + season,-0.0079249538267766,0.00629893014494814,0.0455840454828715, , ,12,-0.00066041281889805

cbc_wbc,log_vest_NO2,cbc_wbc ~ log_vest_NO2 + age + gender + race_afam + season,-0.362320406173611,0.324987148327427,2.34380394658864, , ,0.762784539272027,-0.474997050306494

log_cbc_wbc,log_vest_NO2,log_cbc_wbc ~ log_vest_NO2 + age + gender + race_afam + season,-0.056758986117713,0.0486215493617348,0.0524621995166586, , ,0.762784539272027,-0.0744102471870781

cbc_abs_eos,log_vest_NO2,cbc_abs_eos ~ log_vest_NO2 + age + gender + race_afam + season,0.0674066288676235,0.0391060018808989,0.0339371791256443, , ,0.762784539272027,0.0883691598311023

cbc_abs_neut,log_vest_NO2,cbc_abs_neut ~ log_vest_NO2 + age + gender + race_afam + season,-0.225393045661319,0.253282395801683,1.42363585742152, , ,0.762784539272027,-0.295487171090837

log_cbc_abs_neut,log_vest_NO2,log_cbc_abs_neut ~ log_vest_NO2 + age + gender + race_afam + season,-0.0705222295119007,0.0779989083342678,0.135010005774405, , ,0.762784539272027,-0.0924536692618397

cbc_percent_eos,log_vest_NO2,cbc_percent_eos ~ log_vest_NO2 + age + gender + race_afam + season,1.34643327924591,0.635298958340894,8.95664154431883, , ,0.762784539272027,1.76515544026482

cbc_percent_neut,log_vest_NO2,cbc_percent_neut ~ log_vest_NO2 + age + gender + race_afam + season,-0.701785259864695,2.33900425913223,121.409014064037, , ,0.762784539272027,-0.920030786851623

log_cbc_percent_neut,log_vest_NO2,log_cbc_percent_neut ~ log_vest_NO2 + age + gender + race_afam + season,-0.0137632433941883,0.048475899056347,0.0521483596402848, , ,0.762784539272027,-0.0180434220747623

cbc_wbc,log_stat_NO2,cbc_wbc ~ log_stat_NO2 + age + gender + race_afam + season,-0.36388985576271,0.272193187235773,2.1823614129688, , ,1.05518097357562,-0.344860137621342

log_cbc_wbc,log_stat_NO2,log_cbc_wbc ~ log_stat_NO2 + age + gender + race_afam + season,-0.0562489489929379,0.0406634300980836,0.0487057451821451, , ,1.05518097357562,-0.0533073950360676

cbc_abs_eos,log_stat_NO2,cbc_abs_eos ~ log_stat_NO2 + age + gender + race_afam + season,0.0495621872060324,0.0334325314378189,0.0329238561493423, , ,1.05518097357562,0.0469703192601022

cbc_abs_neut,log_stat_NO2,cbc_abs_neut ~ log_stat_NO2 + age + gender + race_afam + season,-0.242840769501929,0.212873370026827,1.33479583657202, , ,1.05518097357562,-0.230141345971233

log_cbc_abs_neut,log_stat_NO2,log_cbc_abs_neut ~ log_stat_NO2 + age + gender + race_afam + season,-0.0787672992857188,0.0651309556720029,0.124953111036876, , ,1.05518097357562,-0.0746481421275115

cbc_percent_eos,log_stat_NO2,cbc_percent_eos ~ log_stat_NO2 + age + gender + race_afam + season,1.09928363654939,0.540999469497016,8.62116288682357, , ,1.05518097357562,1.0417963023199

cbc_percent_neut,log_stat_NO2,cbc_percent_neut ~ log_stat_NO2 + age + gender + race_afam + season,-1.07900769188585,1.96912874981728,114.214277877513, , ,1.05518097357562,-1.02258069365058

log_cbc_percent_neut,log_stat_NO2,log_cbc_percent_neut ~ log_stat_NO2 + age + gender + race_afam + season,-0.0225183502927816,0.040735162084387,0.0488777346777136, , ,1.05518097357562,-0.0213407470914446

cbc_wbc,log_CDPHE_NO2_mean,cbc_wbc ~ log_CDPHE_NO2_mean + age + gender + race_afam + season,-0.916994344924552,1.84438706636565,2.2890156138202, , ,0.17185025692666,-5.33600799512272

log_cbc_wbc,log_CDPHE_NO2_mean,log_cbc_wbc ~ log_CDPHE_NO2_mean + age + gender + race_afam + season,-0.158425253739474,0.275339012402169,0.0510129124978885, , ,0.17185025692666,-0.921879644364364

cbc_abs_eos,log_CDPHE_NO2_mean,cbc_abs_eos ~ log_CDPHE_NO2_mean + age + gender + race_afam + season,0.261320852929631,0.226313378796414,0.0344639519433733, , ,0.17185025692666,1.5206311448295

cbc_abs_neut,log_CDPHE_NO2_mean,cbc_abs_neut ~ log_CDPHE_NO2_mean + age + gender + race_afam + season,-2.3904438001595,1.36175322063437,1.24778982835098, , ,0.17185025692666,-13.9100391405272

log_cbc_abs_neut,log_CDPHE_NO2_mean,log_cbc_abs_neut ~ log_CDPHE_NO2_mean + age + gender + race_afam + season,-0.722154515309154,0.418079658303216,0.117614994814102, , ,0.17185025692666,-4.20223122283341

cbc_percent_eos,log_CDPHE_NO2_mean,cbc_percent_eos ~ log_CDPHE_NO2_mean + age + gender + race_afam + season,4.49878034704711,3.70195177969213,9.221596893941, , ,0.17185025692666,26.1784906668312

cbc_percent_neut,log_CDPHE_NO2_mean,cbc_percent_neut ~ log_CDPHE_NO2_mean + age + gender + race_afam + season,-29.1653049860958,11.8096710684448,93.8469627818753, , ,0.17185025692666,-169.71347909327

log_cbc_percent_neut,log_CDPHE_NO2_mean,log_cbc_percent_neut ~ log_CDPHE_NO2_mean + age + gender + race_afam + season,-0.563729261569682,0.247312891032086,0.0411564708825247, , ,0.17185025692666,-3.28035157846906

cbc_wbc,nicalert,cbc_wbc ~ nicalert + age + gender + race_afam + season,0.0733301016821887,0.23626080867955,2.37183917335723, , ,2,0.0366650508410944

log_cbc_wbc,nicalert,log_cbc_wbc ~ nicalert + age + gender + race_afam + season,0.00981194639127586,0.0353057681297877,0.0529655144166877, , ,2,0.00490597319563793

cbc_abs_eos,nicalert,cbc_abs_eos ~ nicalert + age + gender + race_afam + season,-0.0366721504070137,0.0248533138525644,0.0262464441457764, , ,2,-0.0183360752035068

cbc_abs_neut,nicalert,cbc_abs_neut ~ nicalert + age + gender + race_afam + season,0.199050085349676,0.172142021074216,1.25914475429154, , ,2,0.0995250426748381

log_cbc_abs_neut,nicalert,log_cbc_abs_neut ~ nicalert + age + gender + race_afam + season,0.0445229856238089,0.0529438278311511,0.119105698495629, , ,2,0.0222614928119044

cbc_percent_eos,nicalert,cbc_percent_eos ~ nicalert + age + gender + race_afam + season,-0.680080846590251,0.398776802745817,6.75712011993312, , ,2,-0.340040423295126

cbc_percent_neut,nicalert,cbc_percent_neut ~ nicalert + age + gender + race_afam + season,1.90307429768313,1.41829408832029,85.4740830954469, , ,2,0.951537148841567

log_cbc_percent_neut,nicalert,log_cbc_percent_neut ~ nicalert + age + gender + race_afam + season,0.0347110392325324,0.0302440736351496,0.0388671269491586, , ,2,0.0173555196162662

FeNO_avg,log_vest_pm10,FeNO_avg ~ log_vest_pm10 + age + gender + race_afam + season + (1 | id),9.39860743518171,3.87920829816508,288.129827853398,id,317.854451920144,0.610575,15.3930433364971

log_FeNO_avg,log_vest_pm10,log_FeNO_avg ~ log_vest_pm10 + age + gender + race_afam + season + (1 | id),0.245030050357339,0.114512292798357,0.245176003374177,id,0.320096589673717,0.610575,0.401310322822486

CASI_Total_wFxn,log_vest_pm10,CASI_Total_wFxn ~ log_vest_pm10 + age + gender + race_afam + season + (1 | id),-0.804783200365837,0.429603072763431,3.30778087526278,id,4.24300512834493,0.610575,-1.31807427484885

CACT_ACT_cont,log_vest_pm10,CACT_ACT_cont ~ log_vest_pm10 + age + gender + race_afam + season + (1 | id),0.314057101514385,0.877465597799782,18.5060563226249,id,3.74570144367014,0.610575,0.514362857166417

FEV1_pp_GLI,log_vest_pm10,FEV1_pp_GLI ~ log_vest_pm10 + season + (1 | id),1.2553857639153,2.45771414418415,110.231911439194,id,158.339301143231,0.610575,2.05607134899939

FEV1_Zscore_GLI,log_vest_pm10,FEV1_Zscore_GLI ~ log_vest_pm10 + season + (1 | id),0.106951499028233,0.197329734441451,0.703627189495436,id,1.07465748952009,0.610575,0.175165211527221

FVC_pp_GLI,log_vest_pm10,FVC_pp_GLI ~ log_vest_pm10 + season + (1 | id),1.55951228693676,1.87653094889038,61.4889996691765,id,117.692422751833,0.610575,2.55416990040005

FVC_Zscore_GLI,log_vest_pm10,FVC_Zscore_GLI ~ log_vest_pm10 + season + (1 | id),0.12506751309098,0.150500097263778,0.389585452322176,id,0.830275906878718,0.610575,0.204835627221849

FEV1_FVC,log_vest_pm10,FEV1_FVC ~ log_vest_pm10 + season + (1 | id),-2.68322856253114e-05,0.011844229638468,0.00237729017036652,id,0.00566676859379908,0.610575,-4.39459290428062e-05

FEV1_FVC_pp_GLI,log_vest_pm10,FEV1_FVC_pp_GLI ~ log_vest_pm10 + season + (1 | id),-0.0919619497968443,1.34379860810355,30.4649055817797,id,75.2013635107758,0.610575,-0.150615321290332

FEV1_FVC_Zscore_GLI,log_vest_pm10,FEV1_FVC_Zscore_GLI ~ log_vest_pm10 + season + (1 | id),-0.0531301323094268,0.145833413801378,0.355925603707145,id,0.937270831963836,0.610575,-0.087016553755766

FEF2575_pp_GLI,log_vest_pm10,FEF2575_pp_GLI ~ log_vest_pm10 + season + (1 | id),-0.690367994393585,3.73521797456055,241.811685702871,id,487.736461722723,0.610575,-1.13068500084934

FEF2575_Zscore_GLI,log_vest_pm10,FEF2575_Zscore_GLI ~ log_vest_pm10 + season + (1 | id),0.0250959240457309,0.185122582027105,0.604332371543207,id,1.08160292770161,0.610575,0.0411021152941587

FeNO_avg,log_msp_pm10,FeNO_avg ~ log_msp_pm10 + age + gender + race_afam + season + (1 | id),4.21094335810422,3.56174461475657,310.317474429525,id,375.067486109477,0.81490637183818,5.16739530285622

log_FeNO_avg,log_msp_pm10,log_FeNO_avg ~ log_msp_pm10 + age + gender + race_afam + season + (1 | id),0.17765903370294,0.101796357513456,0.249064501558853,id,0.333731483587525,0.81490637183818,0.218011589849513

CASI_Total_wFxn,log_msp_pm10,CASI_Total_wFxn ~ log_msp_pm10 + age + gender + race_afam + season + (1 | id),-0.513602456465918,0.36678649904197,3.38108689898488,id,4.21189020679101,0.81490637183818,-0.63025946809986

CACT_ACT_cont,log_msp_pm10,CACT_ACT_cont ~ log_msp_pm10 + age + gender + race_afam + season + (1 | id),0.870379383710131,0.73098462278194,18.4836683666226,id,3.61884181399925,0.81490637183818,1.06807286553279

FEV1_pp_GLI,log_msp_pm10,FEV1_pp_GLI ~ log_msp_pm10 + season + (1 | id),1.87504008417221,2.10393733326222,109.672129287195,id,157.580348697908,0.81490637183818,2.30092701317661

FEV1_Zscore_GLI,log_msp_pm10,FEV1_Zscore_GLI ~ log_msp_pm10 + season + (1 | id),0.140688280361771,0.169111560112992,0.700781722048216,id,1.07142565749091,0.81490637183818,0.172643490373528

FVC_pp_GLI,log_msp_pm10,FVC_pp_GLI ~ log_msp_pm10 + season + (1 | id),2.02944681829737,1.60410263981187,60.4840126268498,id,118.794278094219,0.81490637183818,2.4904048961104

FVC_Zscore_GLI,log_msp_pm10,FVC_Zscore_GLI ~ log_msp_pm10 + season + (1 | id),0.154971397404268,0.128837763303173,0.383982554622261,id,0.83784822843981,0.81490637183818,0.190170800916307

FEV1_FVC,log_msp_pm10,FEV1_FVC ~ log_msp_pm10 + season + (1 | id),0.00158151375230545,0.0102040145777684,0.00237909581531846,id,0.00565372272466207,0.81490637183818,0.00194073062496498

FEV1_FVC_pp_GLI,log_msp_pm10,FEV1_FVC_pp_GLI ~ log_msp_pm10 + season + (1 | id),0.0570921279882326,1.15791706659009,30.479421459433,id,75.1312774308682,0.81490637183818,0.0700597393286423

FEV1_FVC_Zscore_GLI,log_msp_pm10,FEV1_FVC_Zscore_GLI ~ log_msp_pm10 + season + (1 | id),-0.0121465753858016,0.125786223560638,0.356571830951885,id,0.937095954170064,0.81490637183818,-0.0149054858393151

FEF2575_pp_GLI,log_msp_pm10,FEF2575_pp_GLI ~ log_msp_pm10 + season + (1 | id),1.36598597741532,3.21504634029591,242.445559513039,id,482.816595910096,0.81490637183818,1.67624898346797

FEF2575_Zscore_GLI,log_msp_pm10,FEF2575_Zscore_GLI ~ log_msp_pm10 + season + (1 | id),0.0677223228403435,0.159125375462295,0.604898077520614,id,1.07397272719817,0.81490637183818,0.0831044217847783

FeNO_avg,CDPHE_PM10_mean,FeNO_avg ~ CDPHE_PM10_mean + age + gender + race_afam + season + (1 | id),0.526067426935713,0.335043152638591,296.536128905884,id,398.96694318919,10,0.0526067426935713

log_FeNO_avg,CDPHE_PM10_mean,log_FeNO_avg ~ CDPHE_PM10_mean + age + gender + race_afam + season + (1 | id),0.0187611913837724,0.0096776366920772,0.243847636465173,id,0.379695298080522,10,0.00187611913837724

CASI_Total_wFxn,CDPHE_PM10_mean,CASI_Total_wFxn ~ CDPHE_PM10_mean + age + gender + race_afam + season + (1 | id),0.0261062733272805,0.0366855559241901,3.69102214580536,id,3.48788569497408,10,0.00261062733272805

CACT_ACT_cont,CDPHE_PM10_mean,CACT_ACT_cont ~ CDPHE_PM10_mean + age + gender + race_afam + season + (1 | id),-0.0299084111333939,0.0761050889986504,18.344154721114,id,3.6003254736268,10,-0.00299084111333939

FEV1_pp_GLI,CDPHE_PM10_mean,FEV1_pp_GLI ~ CDPHE_PM10_mean + season + (1 | id),-0.111771522916871,0.201640476773505,108.734594958784,id,158.284286070055,10,-0.0111771522916871

FEV1_Zscore_GLI,CDPHE_PM10_mean,FEV1_Zscore_GLI ~ CDPHE_PM10_mean + season + (1 | id),-0.0100229843806158,0.0161511617710736,0.693456532061833,id,1.07489812121164,10,-0.00100229843806158

FVC_pp_GLI,CDPHE_PM10_mean,FVC_pp_GLI ~ CDPHE_PM10_mean + season + (1 | id),-0.0760829296767927,0.153514200756441,61.4756536575368,id,117.751969787472,10,-0.00760829296767927

FVC_Zscore_GLI,CDPHE_PM10_mean,FVC_Zscore_GLI ~ CDPHE_PM10_mean + season + (1 | id),-0.00666551219011009,0.0122704348086862,0.38928093668478,id,0.83100002503486,10,-0.000666551219011009

FEV1_FVC,CDPHE_PM10_mean,FEV1_FVC ~ CDPHE_PM10_mean + season + (1 | id),-0.000279031911380752,0.000959606816463106,0.00235943245343225,id,0.00566395041604493,10,-2.79031911380752e-05

FEV1_FVC_pp_GLI,CDPHE_PM10_mean,FEV1_FVC_pp_GLI ~ CDPHE_PM10_mean + season + (1 | id),-0.0274950599082944,0.108752480099445,30.2210160887128,id,75.3045642412238,10,-0.00274950599082944

FEV1_FVC_Zscore_GLI,CDPHE_PM10_mean,FEV1_FVC_Zscore_GLI ~ CDPHE_PM10_mean + season + (1 | id),-0.00197048175737081,0.0118074828616813,0.354789504352795,id,0.936164723714925,10,-0.000197048175737081

FEF2575_pp_GLI,CDPHE_PM10_mean,FEF2575_pp_GLI ~ CDPHE_PM10_mean + season + (1 | id),-0.189518184166521,0.303480334751846,239.333572646271,id,479.950496156869,10,-0.0189518184166521

FEF2575_Zscore_GLI,CDPHE_PM10_mean,FEF2575_Zscore_GLI ~ CDPHE_PM10_mean + season + (1 | id),-0.0104585601416453,0.0150769126412081,0.596391698301648,id,1.06838780323742,10,-0.00104585601416453

FeNO_avg,log_vest_NO2,FeNO_avg ~ log_vest_NO2 + age + gender + race_afam + season + (1 | id),5.52109692648025,3.35096976801728,318.36507300325,id,365.471134100513,0.73865049519546,7.47457283572155

log_FeNO_avg,log_vest_NO2,log_FeNO_avg ~ log_vest_NO2 + age + gender + race_afam + season + (1 | id),0.158563345697362,0.0974468457118463,0.26083795887417,id,0.349785908429227,0.73865049519546,0.214666268727544

CASI_Total_wFxn,log_vest_NO2,CASI_Total_wFxn ~ log_vest_NO2 + age + gender + race_afam + season + (1 | id),-0.117062733948477,0.341941586839168,3.38429833632894,id,3.60474175674013,0.73865049519546,-0.158481900045976

CACT_ACT_cont,log_vest_NO2,CACT_ACT_cont ~ log_vest_NO2 + age + gender + race_afam + season + (1 | id),0.681318945147287,0.663372724901047,18.1985837364769,id,2.81749171081493,0.73865049519546,0.922383386430951

FEV1_pp_GLI,log_vest_NO2,FEV1_pp_GLI ~ log_vest_NO2 + season + (1 | id),1.01825139404072,2.02410371291354,115.534131843322,id,160.25696980865,0.73865049519546,1.37852935950618

FEV1_Zscore_GLI,log_vest_NO2,FEV1_Zscore_GLI ~ log_vest_NO2 + season + (1 | id),0.0846885003253493,0.162366507867187,0.732219665886599,id,1.09710526995147,0.73865049519546,0.114653006904083

FVC_pp_GLI,log_vest_NO2,FVC_pp_GLI ~ log_vest_NO2 + season + (1 | id),0.794942276484715,1.57707269480696,66.9010741409629,id,118.886835908919,0.73865049519546,1.07620895356519

FVC_Zscore_GLI,log_vest_NO2,FVC_Zscore_GLI ~ log_vest_NO2 + season + (1 | id),0.0630906092463356,0.126660371236869,0.423211738315074,id,0.839537557426425,0.73865049519546,0.0854133445475328

FEV1_FVC,log_vest_NO2,FEV1_FVC ~ log_vest_NO2 + season + (1 | id),0.00193194142829792,0.00983907071847211,0.00251130411971615,id,0.0055036974855826,0.73865049519546,0.00261550143249642

FEV1_FVC_pp_GLI,log_vest_NO2,FEV1_FVC_pp_GLI ~ log_vest_NO2 + season + (1 | id),0.16289858362103,1.11694959391332,32.1796943117871,id,73.0388743915086,0.73865049519546,0.220535401628512

FEV1_FVC_Zscore_GLI,log_vest_NO2,FEV1_FVC_Zscore_GLI ~ log_vest_NO2 + season + (1 | id),0.0225472270282816,0.12168834259604,0.378773837683264,id,0.906133829851786,0.73865049519546,0.0305248925912047

FEF2575_pp_GLI,log_vest_NO2,FEF2575_pp_GLI ~ log_vest_NO2 + season + (1 | id),1.85930005625746,3.06993302558705,249.408516031388,id,485.783020696755,0.73865049519546,2.51715807185028

FEF2575_Zscore_GLI,log_vest_NO2,FEF2575_Zscore_GLI ~ log_vest_NO2 + season + (1 | id),0.0777907789542528,0.151712671170419,0.621085013602387,id,1.08463119694979,0.73865049519546,0.105314732014994

FeNO_avg,log_stat_NO2,FeNO_avg ~ log_stat_NO2 + age + gender + race_afam + season + (1 | id),5.6523592314822,2.99924459111637,302.245533686764,id,370.063089103381,1.02029851532572,7.65227840263817

log_FeNO_avg,log_stat_NO2,log_FeNO_avg ~ log_stat_NO2 + age + gender + race_afam + season + (1 | id),0.178621937204396,0.0876025290971773,0.249610121202029,id,0.35070076810532,1.02029851532572,0.241821996148706

CASI_Total_wFxn,log_stat_NO2,CASI_Total_wFxn ~ log_stat_NO2 + age + gender + race_afam + season + (1 | id),0.113052575642773,0.319648109785888,3.72960498957497,id,3.55950863631739,1.02029851532572,0.15305286651552

CACT_ACT_cont,log_stat_NO2,CACT_ACT_cont ~ log_stat_NO2 + age + gender + race_afam + season + (1 | id),0.70758895179181,0.597020471324126,17.5764536892339,id,4.22090733928992,1.02029851532572,0.957948253462647

FEV1_pp_GLI,log_stat_NO2,FEV1_pp_GLI ~ log_stat_NO2 + season + (1 | id),0.397264089274281,1.77584707056535,105.830207928566,id,163.144954651137, ,0.53782416969633

FEV1_Zscore_GLI,log_stat_NO2,FEV1_Zscore_GLI ~ log_stat_NO2 + season + (1 | id),0.0329887661577911,0.142515932034229,0.670923732085834,id,1.11061035699913, ,0.0446608597332107

FVC_pp_GLI,log_stat_NO2,FVC_pp_GLI ~ log_stat_NO2 + season + (1 | id),0.362664367304241,1.38902553224424,61.6017943054801,id,119.82480243208, ,0.490982365358428

FVC_Zscore_GLI,log_stat_NO2,FVC_Zscore_GLI ~ log_stat_NO2 + season + (1 | id),0.0292259575682312,0.111709402510359,0.389962316478588,id,0.845525191520588, ,0.0395666932579494

FEV1_FVC,log_stat_NO2,FEV1_FVC ~ log_stat_NO2 + season + (1 | id),-0.00191634001869293,0.00865263762590716,0.00227235986915842,id,0.00576976935878879, ,-0.00259437992820384

FEV1_FVC_pp_GLI,log_stat_NO2,FEV1_FVC_pp_GLI ~ log_stat_NO2 + season + (1 | id),-0.267487051850312,0.981294696684535,29.024883695605,id,76.6771659611926, ,-0.362129388107335

FEV1_FVC_Zscore_GLI,log_stat_NO2,FEV1_FVC_Zscore_GLI ~ log_stat_NO2 + season + (1 | id),-0.0168505003260693,0.107064689471771,0.342843351110554,id,0.947864743814879, ,-0.0228125486081349

FEF2575_pp_GLI,log_stat_NO2,FEF2575_pp_GLI ~ log_stat_NO2 + season + (1 | id),0.986605731448457,2.69743433882934,227.493656466504,id,491.936147274171, ,1.33568682058134

FEF2575_Zscore_GLI,log_stat_NO2,FEF2575_Zscore_GLI ~ log_stat_NO2 + season + (1 | id),0.0319045254053174,0.133222620211121,0.566985537551204,id,1.09983985991089, ,0.0431929926438009

FeNO_avg,log_CDPHE_NO2_mean,FeNO_avg ~ log_CDPHE_NO2_mean + age + gender + race_afam + season + (1 | id),5.47542806322241,11.1149901853141,305.009769610063,id,398.846865312257,0.333118237375837,7.41274540372916

log_FeNO_avg,log_CDPHE_NO2_mean,log_FeNO_avg ~ log_CDPHE_NO2_mean + age + gender + race_afam + season + (1 | id),0.320043894152665,0.32243581587175,0.253337602293619,id,0.376404662116441,0.333118237375837,0.433281905629774

CASI_Total_wFxn,log_CDPHE_NO2_mean,CASI_Total_wFxn ~ log_CDPHE_NO2_mean + age + gender + race_afam + season + (1 | id),0.0130400741271286,1.28165159384765,3.69211187245618,id,3.55241465220299,0.333118237375837,0.0176539164489127

CACT_ACT_cont,log_CDPHE_NO2_mean,CACT_ACT_cont ~ log_CDPHE_NO2_mean + age + gender + race_afam + season + (1 | id),1.89089122179363,2.50209892613691,17.9990544949833,id,3.98008598665969,0.333118237375837,2.55992683155688

FEV1_pp_GLI,log_CDPHE_NO2_mean,FEV1_pp_GLI ~ log_CDPHE_NO2_mean + season + (1 | id),7.60093179778186,7.04408099008061,106.892085153972,id,160.539056576742,0.333118237375837,10.2902954065854

FEV1_Zscore_GLI,log_CDPHE_NO2_mean,FEV1_Zscore_GLI ~ log_CDPHE_NO2_mean + season + (1 | id),0.546514338083305,0.565296213837893,0.684149812740477,id,1.09097259153685,0.333118237375837,0.739882179241872

FVC_pp_GLI,log_CDPHE_NO2_mean,FVC_pp_GLI ~ log_CDPHE_NO2_mean + season + (1 | id),3.85536022819855,5.38118688641002,60.7107308427221,id,120.153711920593,0.333118237375837,5.21946475806309

FVC_Zscore_GLI,log_CDPHE_NO2_mean,FVC_Zscore_GLI ~ log_CDPHE_NO2_mean + season + (1 | id),0.297211644160794,0.430586563893568,0.385107995531443,id,0.846402754065592,0.333118237375837,0.402371143178001

FEV1_FVC,log_CDPHE_NO2_mean,FEV1_FVC ~ log_CDPHE_NO2_mean + season + (1 | id),0.0471783578996327,0.0335403128685588,0.00231971573499083,id,0.00555896692498583,0.333118237375837,0.06387101640966

FEV1_FVC_pp_GLI,log_CDPHE_NO2_mean,FEV1_FVC_pp_GLI ~ log_CDPHE_NO2_mean + season + (1 | id),5.36845776538527,3.80070032001911,29.6954523276313,id,73.9184150728647,0.333118237375837,7.26792684808894

FEV1_FVC_Zscore_GLI,log_CDPHE_NO2_mean,FEV1_FVC_Zscore_GLI ~ log_CDPHE_NO2_mean + season + (1 | id),0.477197716992068,0.413837752007847,0.350430746482177,id,0.925438012991513,0.333118237375837,0.646039933765688

FEF2575_pp_GLI,log_CDPHE_NO2_mean,FEF2575_pp_GLI ~ log_CDPHE_NO2_mean + season + (1 | id),10.6046314047967,10.6513510624179,237.398667176408,id,479.938083544517,0.333118237375837,14.3567647673349

FEF2575_Zscore_GLI,log_CDPHE_NO2_mean,FEF2575_Zscore_GLI ~ log_CDPHE_NO2_mean + season + (1 | id),0.553847112318997,0.52853655102248,0.59037493150812,id,1.07291762554724,0.333118237375837,0.749809437510008

FeNO_avg,nicalert,FeNO_avg ~ nicalert + age + gender + race_afam + season + (1 | id),0.929162634820898,1.89499629222173,305.386122907086,id,382.967372654771,2,0.464581317410449

log_FeNO_avg,nicalert,log_FeNO_avg ~ nicalert + age + gender + race_afam + season + (1 | id),0.050401254944515,0.0540259670286906,0.246354884112057,id,0.358901381867458,2,0.0252006274722575

CASI_Total_wFxn,nicalert,CASI_Total_wFxn ~ nicalert + age + gender + race_afam + season + (1 | id),-0.0155934390950762,0.209365699386755,3.60837844842014,id,3.75018111169477,2,-0.00779671954753811

CACT_ACT_cont,nicalert,CACT_ACT_cont ~ nicalert + age + gender + race_afam + season + (1 | id),0.144506387116624,0.467110437435378,18.7516564654391,id,3.34447611781011,2,0.0722531935583121

FEV1_pp_GLI,nicalert,FEV1_pp_GLI ~ nicalert + season + (1 | id),-1.47545015444896,1.15036832427817,106.219215203068,id,165.746862323313,2,-0.737725077224478

FEV1_Zscore_GLI,nicalert,FEV1_Zscore_GLI ~ nicalert + season + (1 | id),-0.117346833543874,0.0920953341651569,0.678385062647095,id,1.1241134401981,2,-0.0586734167719368

FVC_pp_GLI,nicalert,FVC_pp_GLI ~ nicalert + season + (1 | id),-0.988408013194566,0.872007057957098,60.169291173743,id,121.361971389399,2,-0.494204006597283

FVC_Zscore_GLI,nicalert,FVC_Zscore_GLI ~ nicalert + season + (1 | id),-0.0780447962913908,0.069651448326255,0.381932741254758,id,0.852641181405563,2,-0.0390223981456954

FEV1_FVC,nicalert,FEV1_FVC ~ nicalert + season + (1 | id),-0.0060267213767577,0.00544412221768343,0.0023220661140943,id,0.00574745063373,2,-0.00301336068837885

FEV1_FVC_pp_GLI,nicalert,FEV1_FVC_pp_GLI ~ nicalert + season + (1 | id),-0.693232199650319,0.616734176875205,29.7542002576014,id,76.20196812339,2,-0.34661609982516

FEV1_FVC_Zscore_GLI,nicalert,FEV1_FVC_Zscore_GLI ~ nicalert + season + (1 | id),-0.0923524537240619,0.0664942416240798,0.344755331857281,id,0.951485740313009,2,-0.046176226862031

FEF2575_pp_GLI,nicalert,FEF2575_pp_GLI ~ nicalert + season + (1 | id),-2.80274302581135,1.70787753011433,229.823419088232,id,504.565992846423,2,-1.40137151290567

FEF2575_Zscore_GLI,nicalert,FEF2575_Zscore_GLI ~ nicalert + season + (1 | id),-0.125989612465328,0.0853349289891152,0.577273160424924,id,1.12433688169068,2,-0.0629948062326642

